metric,target,expected_shift_db,observed_shift_db,shift_error_db,expected_crest_delta_db,observed_crest_delta_db,crest_error_db,pass
full_band_whole_peak,0.25,-12.041199826559248,-12.041199826559248,0.0,0.0,0.0,0.0,True
full_band_whole_rms,0.25,-12.041199826559248,-12.041199826559248,0.0,0.0,0.0,0.0,True
full_band_window_peak,0.25,-12.041199826559248,-12.041199826559248,0.0,0.0,0.0,0.0,True
full_band_window_rms,0.25,-12.041199826559248,-12.041199826559247,1.7763568394002505e-15,0.0,0.0,0.0,True
full_band_whole_peak,0.5,-6.020599913279624,-6.020599913279624,0.0,0.0,0.0,0.0,True
full_band_whole_rms,0.5,-6.020599913279624,-6.020599913279625,-8.881784197001252e-16,0.0,0.0,0.0,True
full_band_window_peak,0.5,-6.020599913279624,-6.020599913279624,0.0,0.0,0.0,0.0,True
full_band_window_rms,0.5,-6.020599913279624,-6.020599913279623,8.881784197001252e-16,0.0,0.0,0.0,True
full_band_whole_peak,1.0,0.0,0.0,0.0,0.0,0.0,0.0,True
full_band_whole_rms,1.0,0.0,0.0,0.0,0.0,0.0,0.0,True
full_band_window_peak,1.0,0.0,0.0,0.0,0.0,0.0,0.0,True
full_band_window_rms,1.0,0.0,0.0,0.0,0.0,0.0,0.0,True
octave_band_peak,Full Spectrum,-12.041199826559248,-12.041199826559248,0.0,0.0,0.0,0.0,True
octave_band_rms,Full Spectrum,-12.041199826559248,-12.041199826559248,0.0,0.0,0.0,0.0,True
octave_band_peak,Full Spectrum,-6.020599913279624,-6.020599913279624,0.0,0.0,0.0,0.0,True
octave_band_rms,Full Spectrum,-6.020599913279624,-6.020599913279625,-8.881784197001252e-16,0.0,0.0,0.0,True
octave_band_peak,Full Spectrum,0.0,0.0,0.0,0.0,0.0,0.0,True
octave_band_rms,Full Spectrum,0.0,0.0,0.0,0.0,0.0,0.0,True
octave_band_peak,62.500,-12.041199826559248,-12.04119982655925,-1.7763568394002505e-15,0.0,0.0,0.0,True
octave_band_rms,62.500,-12.041199826559248,-12.041199826559248,0.0,0.0,0.0,0.0,True
octave_band_peak,62.500,-6.020599913279624,-6.020599913279625,-8.881784197001252e-16,0.0,0.0,0.0,True
octave_band_rms,62.500,-6.020599913279624,-6.020599913279625,-8.881784197001252e-16,0.0,0.0,0.0,True
octave_band_peak,62.500,0.0,0.0,0.0,0.0,0.0,0.0,True
octave_band_rms,62.500,0.0,0.0,0.0,0.0,0.0,0.0,True
octave_band_peak,1000.000,-12.041199826559248,-12.041199826559248,0.0,0.0,0.0,0.0,True
octave_band_rms,1000.000,-12.041199826559248,-12.041199826559247,1.7763568394002505e-15,0.0,0.0,0.0,True
octave_band_peak,1000.000,-6.020599913279624,-6.020599913279623,8.881784197001252e-16,0.0,0.0,0.0,True
octave_band_rms,1000.000,-6.020599913279624,-6.0205999132796215,2.6645352591003757e-15,0.0,0.0,0.0,True
octave_band_peak,1000.000,0.0,0.0,0.0,0.0,0.0,0.0,True
octave_band_rms,1000.000,0.0,0.0,0.0,0.0,0.0,0.0,True
octave_time_peak,62.5 Hz,-12.041199826559248,-12.041199821742058,4.817190202288657e-09,0.0,0.0,0.0,True
octave_time_rms,62.5 Hz,-12.041199826559248,-12.041199818393302,8.1659461415029e-09,0.0,0.0,0.0,True
octave_time_peak,62.5 Hz,-6.020599913279624,-6.020599911673893,1.6057315477269185e-09,0.0,0.0,0.0,True
octave_time_rms,62.5 Hz,-6.020599913279624,-6.020599910557642,2.72198175110816e-09,0.0,0.0,0.0,True
octave_time_peak,62.5 Hz,0.0,0.0,0.0,0.0,0.0,0.0,True
octave_time_rms,62.5 Hz,0.0,0.0,0.0,0.0,0.0,0.0,True
octave_time_peak,1000 Hz,-12.041199826559248,-12.041199816236864,1.0322384724759104e-08,0.0,0.0,0.0,True
octave_time_rms,1000 Hz,-12.041199826559248,-12.04119980906085,1.7498399174087353e-08,0.0,0.0,0.0,True
octave_time_peak,1000 Hz,-6.020599913279624,-6.020599909838827,3.4407969806693472e-09,0.0,0.0,0.0,True
octave_time_rms,1000 Hz,-6.020599913279624,-6.020599907446819,5.832805349825776e-09,0.0,0.0,0.0,True
octave_time_peak,1000 Hz,0.0,0.0,0.0,0.0,0.0,0.0,True
octave_time_rms,1000 Hz,0.0,0.0,0.0,0.0,0.0,0.0,True
